n,spearman_rho,p_value
160,-0.10133586002138469,0.20229399100249904
