n_near,n_far,median_near,median_far,U,p_value
22,138,-1.794763740840677,1.3524819745007743,627.0,0.9999950224500138
